# Série;Designação da série (PT);Métrica;Unidade de Medida;Período de referência;Valor;Estado
12561023;Património dos particulares - Ativos financeiros-Total;Valor;Milhões de euros;31/12/1980;7197;
12561023;Património dos particulares - Ativos financeiros-Total;Valor;Milhões de euros;31/12/1981;9754;
12561023;Património dos particulares - Ativos financeiros-Total;Valor;Milhões de euros;31/12/1982;12394;
12561023;Património dos particulares - Ativos financeiros-Total;Valor;Milhões de euros;31/12/1983;14726;
12561023;Património dos particulares - Ativos financeiros-Total;Valor;Milhões de euros;31/12/1984;18493;
12561023;Património dos particulares - Ativos financeiros-Total;Valor;Milhões de euros;31/12/1985;23215;
12561023;Património dos particulares - Ativos financeiros-Total;Valor;Milhões de euros;31/12/1986;28475;
12561023;Património dos particulares - Ativos financeiros-Total;Valor;Milhões de euros;31/12/1987;33632;
12561023;Património dos particulares - Ativos financeiros-Total;Valor;Milhões de euros;31/12/1988;41685;
12561023;Património dos particulares - Ativos financeiros-Total;Valor;Milhões de euros;31/12/1989;48247;
12561023;Património dos particulares - Ativos financeiros-Total;Valor;Milhões de euros;31/12/1990;57657;
12561023;Património dos particulares - Ativos financeiros-Total;Valor;Milhões de euros;31/12/1991;71962;
12561023;Património dos particulares - Ativos financeiros-Total;Valor;Milhões de euros;31/12/1992;86408;
12561023;Património dos particulares - Ativos financeiros-Total;Valor;Milhões de euros;31/12/1993;102394;
12561023;Património dos particulares - Ativos financeiros-Total;Valor;Milhões de euros;31/12/1994;115574;
12561023;Património dos particulares - Ativos financeiros-Total;Valor;Milhões de euros;31/12/1995;132809;
12561023;Património dos particulares - Ativos financeiros-Total;Valor;Milhões de euros;31/12/1996;141107;
12561023;Património dos particulares - Ativos financeiros-Total;Valor;Milhões de euros;31/12/1997;155080;
12561023;Património dos particulares - Ativos financeiros-Total;Valor;Milhões de euros;31/12/1998;179298;
12561023;Património dos particulares - Ativos financeiros-Total;Valor;Milhões de euros;31/12/1999;205128;
12561023;Património dos particulares - Ativos financeiros-Total;Valor;Milhões de euros;31/12/2000;226406;
12561023;Património dos particulares - Ativos financeiros-Total;Valor;Milhões de euros;31/12/2001;243467;
12561023;Património dos particulares - Ativos financeiros-Total;Valor;Milhões de euros;31/12/2002;251032;
12561023;Património dos particulares - Ativos financeiros-Total;Valor;Milhões de euros;31/12/2003;265452;
12561023;Património dos particulares - Ativos financeiros-Total;Valor;Milhões de euros;31/12/2004;288099;
12561023;Património dos particulares - Ativos financeiros-Total;Valor;Milhões de euros;31/12/2005;306747;
12561023;Património dos particulares - Ativos financeiros-Total;Valor;Milhões de euros;31/12/2006;330012;
12561023;Património dos particulares - Ativos financeiros-Total;Valor;Milhões de euros;31/12/2007;347669;
12561023;Património dos particulares - Ativos financeiros-Total;Valor;Milhões de euros;31/12/2008;346531;
12561023;Património dos particulares - Ativos financeiros-Total;Valor;Milhões de euros;31/12/2009;361202;
12561023;Património dos particulares - Ativos financeiros-Total;Valor;Milhões de euros;31/12/2010;368399;
12561023;Património dos particulares - Ativos financeiros-Total;Valor;Milhões de euros;31/12/2011;369083;
12561023;Património dos particulares - Ativos financeiros-Total;Valor;Milhões de euros;31/12/2012;366053;
12561023;Património dos particulares - Ativos financeiros-Total;Valor;Milhões de euros;31/12/2013;370338;
12561023;Património dos particulares - Ativos financeiros-Total;Valor;Milhões de euros;31/12/2014;377221;
12561023;Património dos particulares - Ativos financeiros-Total;Valor;Milhões de euros;31/12/2015;387591;
12561023;Património dos particulares - Ativos financeiros-Total;Valor;Milhões de euros;31/12/2016;391950;
12561023;Património dos particulares - Ativos financeiros-Total;Valor;Milhões de euros;31/12/2017;408859;
12561023;Património dos particulares - Ativos financeiros-Total;Valor;Milhões de euros;31/12/2018;419934;
12561023;Património dos particulares - Ativos financeiros-Total;Valor;Milhões de euros;31/12/2019;432227;
12561023;Património dos particulares - Ativos financeiros-Total;Valor;Milhões de euros;31/12/2020;448742;
12561023;Património dos particulares - Ativos financeiros-Total;Valor;Milhões de euros;31/12/2021;472826;
12561023;Património dos particulares - Ativos financeiros-Total;Valor;Milhões de euros;31/12/2022;480904;
12561024;Património dos particulares - Ativos financeiros-Numerário e depósitos;Valor;Milhões de euros;31/12/1980;5500;
12561024;Património dos particulares - Ativos financeiros-Numerário e depósitos;Valor;Milhões de euros;31/12/1981;7482;
12561024;Património dos particulares - Ativos financeiros-Numerário e depósitos;Valor;Milhões de euros;31/12/1982;9551;
12561024;Património dos particulares - Ativos financeiros-Numerário e depósitos;Valor;Milhões de euros;31/12/1983;11711;
12561024;Património dos particulares - Ativos financeiros-Numerário e depósitos;Valor;Milhões de euros;31/12/1984;15173;
12561024;Património dos particulares - Ativos financeiros-Numerário e depósitos;Valor;Milhões de euros;31/12/1985;18955;
12561024;Património dos particulares - Ativos financeiros-Numerário e depósitos;Valor;Milhões de euros;31/12/1986;22272;
12561024;Património dos particulares - Ativos financeiros-Numerário e depósitos;Valor;Milhões de euros;31/12/1987;25780;
12561024;Património dos particulares - Ativos financeiros-Numerário e depósitos;Valor;Milhões de euros;31/12/1988;30003;
12561024;Património dos particulares - Ativos financeiros-Numerário e depósitos;Valor;Milhões de euros;31/12/1989;34207;
12561024;Património dos particulares - Ativos financeiros-Numerário e depósitos;Valor;Milhões de euros;31/12/1990;39111;
12561024;Património dos particulares - Ativos financeiros-Numerário e depósitos;Valor;Milhões de euros;31/12/1991;47923;
12561024;Património dos particulares - Ativos financeiros-Numerário e depósitos;Valor;Milhões de euros;31/12/1992;57525;
12561024;Património dos particulares - Ativos financeiros-Numerário e depósitos;Valor;Milhões de euros;31/12/1993;64285;
12561024;Património dos particulares - Ativos financeiros-Numerário e depósitos;Valor;Milhões de euros;31/12/1994;71376;
12561024;Património dos particulares - Ativos financeiros-Numerário e depósitos;Valor;Milhões de euros;31/12/1995;77125;
12561024;Património dos particulares - Ativos financeiros-Numerário e depósitos;Valor;Milhões de euros;31/12/1996;81938;
12561024;Património dos particulares - Ativos financeiros-Numerário e depósitos;Valor;Milhões de euros;31/12/1997;85631;
12561024;Património dos particulares - Ativos financeiros-Numerário e depósitos;Valor;Milhões de euros;31/12/1998;89358;
12561024;Património dos particulares - Ativos financeiros-Numerário e depósitos;Valor;Milhões de euros;31/12/1999;96800;
12561024;Património dos particulares - Ativos financeiros-Numerário e depósitos;Valor;Milhões de euros;31/12/2000;105303;
12561024;Património dos particulares - Ativos financeiros-Numerário e depósitos;Valor;Milhões de euros;31/12/2001;112259;
12561024;Património dos particulares - Ativos financeiros-Numerário e depósitos;Valor;Milhões de euros;31/12/2002;113169;
12561024;Património dos particulares - Ativos financeiros-Numerário e depósitos;Valor;Milhões de euros;31/12/2003;112550;
12561024;Património dos particulares - Ativos financeiros-Numerário e depósitos;Valor;Milhões de euros;31/12/2004;114773;
12561024;Património dos particulares - Ativos financeiros-Numerário e depósitos;Valor;Milhões de euros;31/12/2005;115716;
12561024;Património dos particulares - Ativos financeiros-Numerário e depósitos;Valor;Milhões de euros;31/12/2006;121544;
12561024;Património dos particulares - Ativos financeiros-Numerário e depósitos;Valor;Milhões de euros;31/12/2007;131346;
12561024;Património dos particulares - Ativos financeiros-Numerário e depósitos;Valor;Milhões de euros;31/12/2008;144730;
12561024;Património dos particulares - Ativos financeiros-Numerário e depósitos;Valor;Milhões de euros;31/12/2009;145588;
12561024;Património dos particulares - Ativos financeiros-Numerário e depósitos;Valor;Milhões de euros;31/12/2010;148709;
12561024;Património dos particulares - Ativos financeiros-Numerário e depósitos;Valor;Milhões de euros;31/12/2011;157856;
12561024;Património dos particulares - Ativos financeiros-Numerário e depósitos;Valor;Milhões de euros;31/12/2012;154841;
12561024;Património dos particulares - Ativos financeiros-Numerário e depósitos;Valor;Milhões de euros;31/12/2013;158597;
12561024;Património dos particulares - Ativos financeiros-Numerário e depósitos;Valor;Milhões de euros;31/12/2014;164390;
12561024;Património dos particulares - Ativos financeiros-Numerário e depósitos;Valor;Milhões de euros;31/12/2015;172961;
12561024;Património dos particulares - Ativos financeiros-Numerário e depósitos;Valor;Milhões de euros;31/12/2016;178769;
12561024;Património dos particulares - Ativos financeiros-Numerário e depósitos;Valor;Milhões de euros;31/12/2017;180605;
12561024;Património dos particulares - Ativos financeiros-Numerário e depósitos;Valor;Milhões de euros;31/12/2018;187777;
12561024;Património dos particulares - Ativos financeiros-Numerário e depósitos;Valor;Milhões de euros;31/12/2019;193603;
12561024;Património dos particulares - Ativos financeiros-Numerário e depósitos;Valor;Milhões de euros;31/12/2020;207439;
12561024;Património dos particulares - Ativos financeiros-Numerário e depósitos;Valor;Milhões de euros;31/12/2021;220073;
12561024;Património dos particulares - Ativos financeiros-Numerário e depósitos;Valor;Milhões de euros;31/12/2022;234260;
12561025;Património dos particulares - Ativos financeiros-Ações e outras participações;Valor;Milhões de euros;31/12/1980;1106;
12561025;Património dos particulares - Ativos financeiros-Ações e outras participações;Valor;Milhões de euros;31/12/1981;1488;
12561025;Património dos particulares - Ativos financeiros-Ações e outras participações;Valor;Milhões de euros;31/12/1982;1822;
12561025;Património dos particulares - Ativos financeiros-Ações e outras participações;Valor;Milhões de euros;31/12/1983;1832;
12561025;Património dos particulares - Ativos financeiros-Ações e outras participações;Valor;Milhões de euros;31/12/1984;1896;
12561025;Património dos particulares - Ativos financeiros-Ações e outras participações;Valor;Milhões de euros;31/12/1985;2487;
12561025;Património dos particulares - Ativos financeiros-Ações e outras participações;Valor;Milhões de euros;31/12/1986;3934;
12561025;Património dos particulares - Ativos financeiros-Ações e outras participações;Valor;Milhões de euros;31/12/1987;5017;
12561025;Património dos particulares - Ativos financeiros-Ações e outras participações;Valor;Milhões de euros;31/12/1988;7805;
12561025;Património dos particulares - Ativos financeiros-Ações e outras participações;Valor;Milhões de euros;31/12/1989;9175;
12561025;Património dos particulares - Ativos financeiros-Ações e outras participações;Valor;Milhões de euros;31/12/1990;11679;
12561025;Património dos particulares - Ativos financeiros-Ações e outras participações;Valor;Milhões de euros;31/12/1991;14795;
12561025;Património dos particulares - Ativos financeiros-Ações e outras participações;Valor;Milhões de euros;31/12/1992;17108;
12561025;Património dos particulares - Ativos financeiros-Ações e outras participações;Valor;Milhões de euros;31/12/1993;22748;
12561025;Património dos particulares - Ativos financeiros-Ações e outras participações;Valor;Milhões de euros;31/12/1994;26137;
12561025;Património dos particulares - Ativos financeiros-Ações e outras participações;Valor;Milhões de euros;31/12/1995;29594;
12561025;Património dos particulares - Ativos financeiros-Ações e outras participações;Valor;Milhões de euros;31/12/1996;31942;
12561025;Património dos particulares - Ativos financeiros-Ações e outras participações;Valor;Milhões de euros;31/12/1997;39408;
12561025;Património dos particulares - Ativos financeiros-Ações e outras participações;Valor;Milhões de euros;31/12/1998;50380;
12561025;Património dos particulares - Ativos financeiros-Ações e outras participações;Valor;Milhões de euros;31/12/1999;63818;
12561025;Património dos particulares - Ativos financeiros-Ações e outras participações;Valor;Milhões de euros;31/12/2000;68972;
12561025;Património dos particulares - Ativos financeiros-Ações e outras participações;Valor;Milhões de euros;31/12/2001;71330;
12561025;Património dos particulares - Ativos financeiros-Ações e outras participações;Valor;Milhões de euros;31/12/2002;72263;
12561025;Património dos particulares - Ativos financeiros-Ações e outras participações;Valor;Milhões de euros;31/12/2003;79431;
12561025;Património dos particulares - Ativos financeiros-Ações e outras participações;Valor;Milhões de euros;31/12/2004;86746;
12561025;Património dos particulares - Ativos financeiros-Ações e outras participações;Valor;Milhões de euros;31/12/2005;98040;
12561025;Património dos particulares - Ativos financeiros-Ações e outras participações;Valor;Milhões de euros;31/12/2006;111303;
12561025;Património dos particulares - Ativos financeiros-Ações e outras participações;Valor;Milhões de euros;31/12/2007;110660;
12561025;Património dos particulares - Ativos financeiros-Ações e outras participações;Valor;Milhões de euros;31/12/2008;89810;
12561025;Património dos particulares - Ativos financeiros-Ações e outras participações;Valor;Milhões de euros;31/12/2009;101535;
12561025;Património dos particulares - Ativos financeiros-Ações e outras participações;Valor;Milhões de euros;31/12/2010;95752;
12561025;Património dos particulares - Ativos financeiros-Ações e outras participações;Valor;Milhões de euros;31/12/2011;93671;
12561025;Património dos particulares - Ativos financeiros-Ações e outras participações;Valor;Milhões de euros;31/12/2012;88682;
12561025;Património dos particulares - Ativos financeiros-Ações e outras participações;Valor;Milhões de euros;31/12/2013;92162;
12561025;Património dos particulares - Ativos financeiros-Ações e outras participações;Valor;Milhões de euros;31/12/2014;93725;
12561025;Património dos particulares - Ativos financeiros-Ações e outras participações;Valor;Milhões de euros;31/12/2015;101427;
12561025;Património dos particulares - Ativos financeiros-Ações e outras participações;Valor;Milhões de euros;31/12/2016;101750;
12561025;Património dos particulares - Ativos financeiros-Ações e outras participações;Valor;Milhões de euros;31/12/2017;113235;
12561025;Património dos particulares - Ativos financeiros-Ações e outras participações;Valor;Milhões de euros;31/12/2018;118235;
12561025;Património dos particulares - Ativos financeiros-Ações e outras participações;Valor;Milhões de euros;31/12/2019;124521;
12561025;Património dos particulares - Ativos financeiros-Ações e outras participações;Valor;Milhões de euros;31/12/2020;131135;
12561025;Património dos particulares - Ativos financeiros-Ações e outras participações;Valor;Milhões de euros;31/12/2021;146673;
12561025;Património dos particulares - Ativos financeiros-Ações e outras participações;Valor;Milhões de euros;31/12/2022;147858;
12561026;Património dos particulares - Ativos financeiros-Particip UP Fundos Investimento;Valor;Milhões de euros;31/12/1980;0;
12561026;Património dos particulares - Ativos financeiros-Particip UP Fundos Investimento;Valor;Milhões de euros;31/12/1981;0;
12561026;Património dos particulares - Ativos financeiros-Particip UP Fundos Investimento;Valor;Milhões de euros;31/12/1982;0;
12561026;Património dos particulares - Ativos financeiros-Particip UP Fundos Investimento;Valor;Milhões de euros;31/12/1983;0;
12561026;Património dos particulares - Ativos financeiros-Particip UP Fundos Investimento;Valor;Milhões de euros;31/12/1984;0;
12561026;Património dos particulares - Ativos financeiros-Particip UP Fundos Investimento;Valor;Milhões de euros;31/12/1985;0;
12561026;Património dos particulares - Ativos financeiros-Particip UP Fundos Investimento;Valor;Milhões de euros;31/12/1986;48;
12561026;Património dos particulares - Ativos financeiros-Particip UP Fundos Investimento;Valor;Milhões de euros;31/12/1987;256;
12561026;Património dos particulares - Ativos financeiros-Particip UP Fundos Investimento;Valor;Milhões de euros;31/12/1988;224;
12561026;Património dos particulares - Ativos financeiros-Particip UP Fundos Investimento;Valor;Milhões de euros;31/12/1989;982;
12561026;Património dos particulares - Ativos financeiros-Particip UP Fundos Investimento;Valor;Milhões de euros;31/12/1990;1904;
12561026;Património dos particulares - Ativos financeiros-Particip UP Fundos Investimento;Valor;Milhões de euros;31/12/1991;4298;
12561026;Património dos particulares - Ativos financeiros-Particip UP Fundos Investimento;Valor;Milhões de euros;31/12/1992;6021;
12561026;Património dos particulares - Ativos financeiros-Particip UP Fundos Investimento;Valor;Milhões de euros;31/12/1993;8806;
12561026;Património dos particulares - Ativos financeiros-Particip UP Fundos Investimento;Valor;Milhões de euros;31/12/1994;10133;
12561026;Património dos particulares - Ativos financeiros-Particip UP Fundos Investimento;Valor;Milhões de euros;31/12/1995;9750;
12561026;Património dos particulares - Ativos financeiros-Particip UP Fundos Investimento;Valor;Milhões de euros;31/12/1996;11422;
12561026;Património dos particulares - Ativos financeiros-Particip UP Fundos Investimento;Valor;Milhões de euros;31/12/1997;14879;
12561026;Património dos particulares - Ativos financeiros-Particip UP Fundos Investimento;Valor;Milhões de euros;31/12/1998;17913;
12561026;Património dos particulares - Ativos financeiros-Particip UP Fundos Investimento;Valor;Milhões de euros;31/12/1999;18650;
12561026;Património dos particulares - Ativos financeiros-Particip UP Fundos Investimento;Valor;Milhões de euros;31/12/2000;19656;
12561026;Património dos particulares - Ativos financeiros-Particip UP Fundos Investimento;Valor;Milhões de euros;31/12/2001;21002;
12561026;Património dos particulares - Ativos financeiros-Particip UP Fundos Investimento;Valor;Milhões de euros;31/12/2002;21314;
12561026;Património dos particulares - Ativos financeiros-Particip UP Fundos Investimento;Valor;Milhões de euros;31/12/2003;23735;
12561026;Património dos particulares - Ativos financeiros-Particip UP Fundos Investimento;Valor;Milhões de euros;31/12/2004;25095;
12561026;Património dos particulares - Ativos financeiros-Particip UP Fundos Investimento;Valor;Milhões de euros;31/12/2005;29284;
12561026;Património dos particulares - Ativos financeiros-Particip UP Fundos Investimento;Valor;Milhões de euros;31/12/2006;31176;
12561026;Património dos particulares - Ativos financeiros-Particip UP Fundos Investimento;Valor;Milhões de euros;31/12/2007;28210;
12561026;Património dos particulares - Ativos financeiros-Particip UP Fundos Investimento;Valor;Milhões de euros;31/12/2008;14994;
12561026;Património dos particulares - Ativos financeiros-Particip UP Fundos Investimento;Valor;Milhões de euros;31/12/2009;18171;
12561026;Património dos particulares - Ativos financeiros-Particip UP Fundos Investimento;Valor;Milhões de euros;31/12/2010;16849;
12561026;Património dos particulares - Ativos financeiros-Particip UP Fundos Investimento;Valor;Milhões de euros;31/12/2011;12188;
12561026;Património dos particulares - Ativos financeiros-Particip UP Fundos Investimento;Valor;Milhões de euros;31/12/2012;12573;
12561026;Património dos particulares - Ativos financeiros-Particip UP Fundos Investimento;Valor;Milhões de euros;31/12/2013;12811;
12561026;Património dos particulares - Ativos financeiros-Particip UP Fundos Investimento;Valor;Milhões de euros;31/12/2014;13066;
12561026;Património dos particulares - Ativos financeiros-Particip UP Fundos Investimento;Valor;Milhões de euros;31/12/2015;15114;
12561026;Património dos particulares - Ativos financeiros-Particip UP Fundos Investimento;Valor;Milhões de euros;31/12/2016;14550;
12561026;Património dos particulares - Ativos financeiros-Particip UP Fundos Investimento;Valor;Milhões de euros;31/12/2017;17841;
12561026;Património dos particulares - Ativos financeiros-Particip UP Fundos Investimento;Valor;Milhões de euros;31/12/2018;17134;
12561026;Património dos particulares - Ativos financeiros-Particip UP Fundos Investimento;Valor;Milhões de euros;31/12/2019;20286;
12561026;Património dos particulares - Ativos financeiros-Particip UP Fundos Investimento;Valor;Milhões de euros;31/12/2020;22184;
12561026;Património dos particulares - Ativos financeiros-Particip UP Fundos Investimento;Valor;Milhões de euros;31/12/2021;29810;
12561026;Património dos particulares - Ativos financeiros-Particip UP Fundos Investimento;Valor;Milhões de euros;31/12/2022;26385;
12561027;Património dos particulares - Ativos financeiros-Seguros, pensões e garantias;Valor;Milhões de euros;31/12/1980;109;
12561027;Património dos particulares - Ativos financeiros-Seguros, pensões e garantias;Valor;Milhões de euros;31/12/1981;132;
12561027;Património dos particulares - Ativos financeiros-Seguros, pensões e garantias;Valor;Milhões de euros;31/12/1982;199;
12561027;Património dos particulares - Ativos financeiros-Seguros, pensões e garantias;Valor;Milhões de euros;31/12/1983;240;
12561027;Património dos particulares - Ativos financeiros-Seguros, pensões e garantias;Valor;Milhões de euros;31/12/1984;280;
12561027;Património dos particulares - Ativos financeiros-Seguros, pensões e garantias;Valor;Milhões de euros;31/12/1985;328;
12561027;Património dos particulares - Ativos financeiros-Seguros, pensões e garantias;Valor;Milhões de euros;31/12/1986;410;
12561027;Património dos particulares - Ativos financeiros-Seguros, pensões e garantias;Valor;Milhões de euros;31/12/1987;597;
12561027;Património dos particulares - Ativos financeiros-Seguros, pensões e garantias;Valor;Milhões de euros;31/12/1988;935;
12561027;Património dos particulares - Ativos financeiros-Seguros, pensões e garantias;Valor;Milhões de euros;31/12/1989;1428;
12561027;Património dos particulares - Ativos financeiros-Seguros, pensões e garantias;Valor;Milhões de euros;31/12/1990;2644;
12561027;Património dos particulares - Ativos financeiros-Seguros, pensões e garantias;Valor;Milhões de euros;31/12/1991;3923;
12561027;Património dos particulares - Ativos financeiros-Seguros, pensões e garantias;Valor;Milhões de euros;31/12/1992;5417;
12561027;Património dos particulares - Ativos financeiros-Seguros, pensões e garantias;Valor;Milhões de euros;31/12/1993;7527;
12561027;Património dos particulares - Ativos financeiros-Seguros, pensões e garantias;Valor;Milhões de euros;31/12/1994;9141;
12561027;Património dos particulares - Ativos financeiros-Seguros, pensões e garantias;Valor;Milhões de euros;31/12/1995;12824;
12561027;Património dos particulares - Ativos financeiros-Seguros, pensões e garantias;Valor;Milhões de euros;31/12/1996;16406;
12561027;Património dos particulares - Ativos financeiros-Seguros, pensões e garantias;Valor;Milhões de euros;31/12/1997;19219;
12561027;Património dos particulares - Ativos financeiros-Seguros, pensões e garantias;Valor;Milhões de euros;31/12/1998;24932;
12561027;Património dos particulares - Ativos financeiros-Seguros, pensões e garantias;Valor;Milhões de euros;31/12/1999;28918;
12561027;Património dos particulares - Ativos financeiros-Seguros, pensões e garantias;Valor;Milhões de euros;31/12/2000;34821;
12561027;Património dos particulares - Ativos financeiros-Seguros, pensões e garantias;Valor;Milhões de euros;31/12/2001;38998;
12561027;Património dos particulares - Ativos financeiros-Seguros, pensões e garantias;Valor;Milhões de euros;31/12/2002;41481;
12561027;Património dos particulares - Ativos financeiros-Seguros, pensões e garantias;Valor;Milhões de euros;31/12/2003;42549;
12561027;Património dos particulares - Ativos financeiros-Seguros, pensões e garantias;Valor;Milhões de euros;31/12/2004;47833;
12561027;Património dos particulares - Ativos financeiros-Seguros, pensões e garantias;Valor;Milhões de euros;31/12/2005;56882;
12561027;Património dos particulares - Ativos financeiros-Seguros, pensões e garantias;Valor;Milhões de euros;31/12/2006;61536;
12561027;Património dos particulares - Ativos financeiros-Seguros, pensões e garantias;Valor;Milhões de euros;31/12/2007;67587;
12561027;Património dos particulares - Ativos financeiros-Seguros, pensões e garantias;Valor;Milhões de euros;31/12/2008;68060;
12561027;Património dos particulares - Ativos financeiros-Seguros, pensões e garantias;Valor;Milhões de euros;31/12/2009;71827;
12561027;Património dos particulares - Ativos financeiros-Seguros, pensões e garantias;Valor;Milhões de euros;31/12/2010;75068;
12561027;Património dos particulares - Ativos financeiros-Seguros, pensões e garantias;Valor;Milhões de euros;31/12/2011;60414;
12561027;Património dos particulares - Ativos financeiros-Seguros, pensões e garantias;Valor;Milhões de euros;31/12/2012;60719;
12561027;Património dos particulares - Ativos financeiros-Seguros, pensões e garantias;Valor;Milhões de euros;31/12/2013;63267;
12561027;Património dos particulares - Ativos financeiros-Seguros, pensões e garantias;Valor;Milhões de euros;31/12/2014;69320;
12561027;Património dos particulares - Ativos financeiros-Seguros, pensões e garantias;Valor;Milhões de euros;31/12/2015;68622;
12561027;Património dos particulares - Ativos financeiros-Seguros, pensões e garantias;Valor;Milhões de euros;31/12/2016;66182;
12561027;Património dos particulares - Ativos financeiros-Seguros, pensões e garantias;Valor;Milhões de euros;31/12/2017;67286;
12561027;Património dos particulares - Ativos financeiros-Seguros, pensões e garantias;Valor;Milhões de euros;31/12/2018;67342;
12561027;Património dos particulares - Ativos financeiros-Seguros, pensões e garantias;Valor;Milhões de euros;31/12/2019;70859;
12561027;Património dos particulares - Ativos financeiros-Seguros, pensões e garantias;Valor;Milhões de euros;31/12/2020;68046;
12561027;Património dos particulares - Ativos financeiros-Seguros, pensões e garantias;Valor;Milhões de euros;31/12/2021;66689;
12561027;Património dos particulares - Ativos financeiros-Seguros, pensões e garantias;Valor;Milhões de euros;31/12/2022;62083;
12561028;Património dos particulares - Passivos-Total;Valor;Milhões de euros;31/12/1980;1219;
12561028;Património dos particulares - Passivos-Total;Valor;Milhões de euros;31/12/1981;1852;
12561028;Património dos particulares - Passivos-Total;Valor;Milhões de euros;31/12/1982;2543;
12561028;Património dos particulares - Passivos-Total;Valor;Milhões de euros;31/12/1983;3093;
12561028;Património dos particulares - Passivos-Total;Valor;Milhões de euros;31/12/1984;3936;
12561028;Património dos particulares - Passivos-Total;Valor;Milhões de euros;31/12/1985;4983;
12561028;Património dos particulares - Passivos-Total;Valor;Milhões de euros;31/12/1986;6338;
12561028;Património dos particulares - Passivos-Total;Valor;Milhões de euros;31/12/1987;8092;
12561028;Património dos particulares - Passivos-Total;Valor;Milhões de euros;31/12/1988;9744;
12561028;Património dos particulares - Passivos-Total;Valor;Milhões de euros;31/12/1989;11267;
12561028;Património dos particulares - Passivos-Total;Valor;Milhões de euros;31/12/1990;12980;
12561028;Património dos particulares - Passivos-Total;Valor;Milhões de euros;31/12/1991;16072;
12561028;Património dos particulares - Passivos-Total;Valor;Milhões de euros;31/12/1992;19162;
12561028;Património dos particulares - Passivos-Total;Valor;Milhões de euros;31/12/1993;25088;
12561028;Património dos particulares - Passivos-Total;Valor;Milhões de euros;31/12/1994;31138;
12561028;Património dos particulares - Passivos-Total;Valor;Milhões de euros;31/12/1995;36548;
12561028;Património dos particulares - Passivos-Total;Valor;Milhões de euros;31/12/1996;42958;
12561028;Património dos particulares - Passivos-Total;Valor;Milhões de euros;31/12/1997;50337;
12561028;Património dos particulares - Passivos-Total;Valor;Milhões de euros;31/12/1998;61260;
12561028;Património dos particulares - Passivos-Total;Valor;Milhões de euros;31/12/1999;77712;
12561028;Património dos particulares - Passivos-Total;Valor;Milhões de euros;31/12/2000;91183;
12561028;Património dos particulares - Passivos-Total;Valor;Milhões de euros;31/12/2001;102875;
12561028;Património dos particulares - Passivos-Total;Valor;Milhões de euros;31/12/2002;112113;
12561028;Património dos particulares - Passivos-Total;Valor;Milhões de euros;31/12/2003;120682;
12561028;Património dos particulares - Passivos-Total;Valor;Milhões de euros;31/12/2004;131492;
12561028;Património dos particulares - Passivos-Total;Valor;Milhões de euros;31/12/2005;143607;
12561028;Património dos particulares - Passivos-Total;Valor;Milhões de euros;31/12/2006;156754;
12561028;Património dos particulares - Passivos-Total;Valor;Milhões de euros;31/12/2007;169041;
12561028;Património dos particulares - Passivos-Total;Valor;Milhões de euros;31/12/2008;174588;
12561028;Património dos particulares - Passivos-Total;Valor;Milhões de euros;31/12/2009;176416;
12561028;Património dos particulares - Passivos-Total;Valor;Milhões de euros;31/12/2010;177757;
12561028;Património dos particulares - Passivos-Total;Valor;Milhões de euros;31/12/2011;182731;
12561028;Património dos particulares - Passivos-Total;Valor;Milhões de euros;31/12/2012;176199;
12561028;Património dos particulares - Passivos-Total;Valor;Milhões de euros;31/12/2013;168808;
12561028;Património dos particulares - Passivos-Total;Valor;Milhões de euros;31/12/2014;164634;
12561028;Património dos particulares - Passivos-Total;Valor;Milhões de euros;31/12/2015;162771;
12561028;Património dos particulares - Passivos-Total;Valor;Milhões de euros;31/12/2016;160275;
12561028;Património dos particulares - Passivos-Total;Valor;Milhões de euros;31/12/2017;161269;
12561028;Património dos particulares - Passivos-Total;Valor;Milhões de euros;31/12/2018;161640;
12561028;Património dos particulares - Passivos-Total;Valor;Milhões de euros;31/12/2019;162586;
12561028;Património dos particulares - Passivos-Total;Valor;Milhões de euros;31/12/2020;166839;
12561028;Património dos particulares - Passivos-Total;Valor;Milhões de euros;31/12/2021;170987;
12561028;Património dos particulares - Passivos-Total;Valor;Milhões de euros;31/12/2022;178068;
12561029;Património dos particulares - Passivos-Empréstimos;Valor;Milhões de euros;31/12/1980;807;
12561029;Património dos particulares - Passivos-Empréstimos;Valor;Milhões de euros;31/12/1981;1226;
12561029;Património dos particulares - Passivos-Empréstimos;Valor;Milhões de euros;31/12/1982;1684;
12561029;Património dos particulares - Passivos-Empréstimos;Valor;Milhões de euros;31/12/1983;2048;
12561029;Património dos particulares - Passivos-Empréstimos;Valor;Milhões de euros;31/12/1984;2607;
12561029;Património dos particulares - Passivos-Empréstimos;Valor;Milhões de euros;31/12/1985;3302;
12561029;Património dos particulares - Passivos-Empréstimos;Valor;Milhões de euros;31/12/1986;4200;
12561029;Património dos particulares - Passivos-Empréstimos;Valor;Milhões de euros;31/12/1987;5363;
12561029;Património dos particulares - Passivos-Empréstimos;Valor;Milhões de euros;31/12/1988;6462;
12561029;Património dos particulares - Passivos-Empréstimos;Valor;Milhões de euros;31/12/1989;7476;
12561029;Património dos particulares - Passivos-Empréstimos;Valor;Milhões de euros;31/12/1990;8623;
12561029;Património dos particulares - Passivos-Empréstimos;Valor;Milhões de euros;31/12/1991;10707;
12561029;Património dos particulares - Passivos-Empréstimos;Valor;Milhões de euros;31/12/1992;12772;
12561029;Património dos particulares - Passivos-Empréstimos;Valor;Milhões de euros;31/12/1993;16755;
12561029;Património dos particulares - Passivos-Empréstimos;Valor;Milhões de euros;31/12/1994;20841;
12561029;Património dos particulares - Passivos-Empréstimos;Valor;Milhões de euros;31/12/1995;25279;
12561029;Património dos particulares - Passivos-Empréstimos;Valor;Milhões de euros;31/12/1996;30943;
12561029;Património dos particulares - Passivos-Empréstimos;Valor;Milhões de euros;31/12/1997;38136;
12561029;Património dos particulares - Passivos-Empréstimos;Valor;Milhões de euros;31/12/1998;48966;
12561029;Património dos particulares - Passivos-Empréstimos;Valor;Milhões de euros;31/12/1999;63075;
12561029;Património dos particulares - Passivos-Empréstimos;Valor;Milhões de euros;31/12/2000;75532;
12561029;Património dos particulares - Passivos-Empréstimos;Valor;Milhões de euros;31/12/2001;86145;
12561029;Património dos particulares - Passivos-Empréstimos;Valor;Milhões de euros;31/12/2002;96035;
12561029;Património dos particulares - Passivos-Empréstimos;Valor;Milhões de euros;31/12/2003;104348;
12561029;Património dos particulares - Passivos-Empréstimos;Valor;Milhões de euros;31/12/2004;115313;
12561029;Património dos particulares - Passivos-Empréstimos;Valor;Milhões de euros;31/12/2005;126549;
12561029;Património dos particulares - Passivos-Empréstimos;Valor;Milhões de euros;31/12/2006;139327;
12561029;Património dos particulares - Passivos-Empréstimos;Valor;Milhões de euros;31/12/2007;152303;
12561029;Património dos particulares - Passivos-Empréstimos;Valor;Milhões de euros;31/12/2008;159242;
12561029;Património dos particulares - Passivos-Empréstimos;Valor;Milhões de euros;31/12/2009;161699;
12561029;Património dos particulares - Passivos-Empréstimos;Valor;Milhões de euros;31/12/2010;163208;
12561029;Património dos particulares - Passivos-Empréstimos;Valor;Milhões de euros;31/12/2011;159441;
12561029;Património dos particulares - Passivos-Empréstimos;Valor;Milhões de euros;31/12/2012;152303;
12561029;Património dos particulares - Passivos-Empréstimos;Valor;Milhões de euros;31/12/2013;146856;
12561029;Património dos particulares - Passivos-Empréstimos;Valor;Milhões de euros;31/12/2014;141738;
12561029;Património dos particulares - Passivos-Empréstimos;Valor;Milhões de euros;31/12/2015;138467;
12561029;Património dos particulares - Passivos-Empréstimos;Valor;Milhões de euros;31/12/2016;135455;
12561029;Património dos particulares - Passivos-Empréstimos;Valor;Milhões de euros;31/12/2017;135529;
12561029;Património dos particulares - Passivos-Empréstimos;Valor;Milhões de euros;31/12/2018;135496;
12561029;Património dos particulares - Passivos-Empréstimos;Valor;Milhões de euros;31/12/2019;136104;
12561029;Património dos particulares - Passivos-Empréstimos;Valor;Milhões de euros;31/12/2020;138561;
12561029;Património dos particulares - Passivos-Empréstimos;Valor;Milhões de euros;31/12/2021;142604;
12561029;Património dos particulares - Passivos-Empréstimos;Valor;Milhões de euros;31/12/2022;147228;
12561030;Património dos particulares - Património financeiro líquido;Valor;Milhões de euros;31/12/1980;5977;
12561030;Património dos particulares - Património financeiro líquido;Valor;Milhões de euros;31/12/1981;7901;
12561030;Património dos particulares - Património financeiro líquido;Valor;Milhões de euros;31/12/1982;9851;
12561030;Património dos particulares - Património financeiro líquido;Valor;Milhões de euros;31/12/1983;11634;
12561030;Património dos particulares - Património financeiro líquido;Valor;Milhões de euros;31/12/1984;14557;
12561030;Património dos particulares - Património financeiro líquido;Valor;Milhões de euros;31/12/1985;18232;
12561030;Património dos particulares - Património financeiro líquido;Valor;Milhões de euros;31/12/1986;22137;
12561030;Património dos particulares - Património financeiro líquido;Valor;Milhões de euros;31/12/1987;25541;
12561030;Património dos particulares - Património financeiro líquido;Valor;Milhões de euros;31/12/1988;31941;
12561030;Património dos particulares - Património financeiro líquido;Valor;Milhões de euros;31/12/1989;36980;
12561030;Património dos particulares - Património financeiro líquido;Valor;Milhões de euros;31/12/1990;44678;
12561030;Património dos particulares - Património financeiro líquido;Valor;Milhões de euros;31/12/1991;55890;
12561030;Património dos particulares - Património financeiro líquido;Valor;Milhões de euros;31/12/1992;67246;
12561030;Património dos particulares - Património financeiro líquido;Valor;Milhões de euros;31/12/1993;77306;
12561030;Património dos particulares - Património financeiro líquido;Valor;Milhões de euros;31/12/1994;84436;
12561030;Património dos particulares - Património financeiro líquido;Valor;Milhões de euros;31/12/1995;96261;
12561030;Património dos particulares - Património financeiro líquido;Valor;Milhões de euros;31/12/1996;98149;
12561030;Património dos particulares - Património financeiro líquido;Valor;Milhões de euros;31/12/1997;104743;
12561030;Património dos particulares - Património financeiro líquido;Valor;Milhões de euros;31/12/1998;118038;
12561030;Património dos particulares - Património financeiro líquido;Valor;Milhões de euros;31/12/1999;127416;
12561030;Património dos particulares - Património financeiro líquido;Valor;Milhões de euros;31/12/2000;135223;
12561030;Património dos particulares - Património financeiro líquido;Valor;Milhões de euros;31/12/2001;140592;
12561030;Património dos particulares - Património financeiro líquido;Valor;Milhões de euros;31/12/2002;138919;
12561030;Património dos particulares - Património financeiro líquido;Valor;Milhões de euros;31/12/2003;144770;
12561030;Património dos particulares - Património financeiro líquido;Valor;Milhões de euros;31/12/2004;156607;
12561030;Património dos particulares - Património financeiro líquido;Valor;Milhões de euros;31/12/2005;163140;
12561030;Património dos particulares - Património financeiro líquido;Valor;Milhões de euros;31/12/2006;173258;
12561030;Património dos particulares - Património financeiro líquido;Valor;Milhões de euros;31/12/2007;178628;
12561030;Património dos particulares - Património financeiro líquido;Valor;Milhões de euros;31/12/2008;171943;
12561030;Património dos particulares - Património financeiro líquido;Valor;Milhões de euros;31/12/2009;184786;
12561030;Património dos particulares - Património financeiro líquido;Valor;Milhões de euros;31/12/2010;190642;
12561030;Património dos particulares - Património financeiro líquido;Valor;Milhões de euros;31/12/2011;186352;
12561030;Património dos particulares - Património financeiro líquido;Valor;Milhões de euros;31/12/2012;189854;
12561030;Património dos particulares - Património financeiro líquido;Valor;Milhões de euros;31/12/2013;201530;
12561030;Património dos particulares - Património financeiro líquido;Valor;Milhões de euros;31/12/2014;212587;
12561030;Património dos particulares - Património financeiro líquido;Valor;Milhões de euros;31/12/2015;224820;
12561030;Património dos particulares - Património financeiro líquido;Valor;Milhões de euros;31/12/2016;231675;
12561030;Património dos particulares - Património financeiro líquido;Valor;Milhões de euros;31/12/2017;247590;
12561030;Património dos particulares - Património financeiro líquido;Valor;Milhões de euros;31/12/2018;258294;
12561030;Património dos particulares - Património financeiro líquido;Valor;Milhões de euros;31/12/2019;269641;
12561030;Património dos particulares - Património financeiro líquido;Valor;Milhões de euros;31/12/2020;281903;
12561030;Património dos particulares - Património financeiro líquido;Valor;Milhões de euros;31/12/2021;301839;
12561030;Património dos particulares - Património financeiro líquido;Valor;Milhões de euros;31/12/2022;302836;
12561031;Património dos particulares - Património não financeiro - Habitação;Valor;Milhões de euros;31/12/1980;20542;
12561031;Património dos particulares - Património não financeiro - Habitação;Valor;Milhões de euros;31/12/1981;25943;
12561031;Património dos particulares - Património não financeiro - Habitação;Valor;Milhões de euros;31/12/1982;31478;
12561031;Património dos particulares - Património não financeiro - Habitação;Valor;Milhões de euros;31/12/1983;41503;
12561031;Património dos particulares - Património não financeiro - Habitação;Valor;Milhões de euros;31/12/1984;52245;
12561031;Património dos particulares - Património não financeiro - Habitação;Valor;Milhões de euros;31/12/1985;64338;
12561031;Património dos particulares - Património não financeiro - Habitação;Valor;Milhões de euros;31/12/1986;71843;
12561031;Património dos particulares - Património não financeiro - Habitação;Valor;Milhões de euros;31/12/1987;80271;
12561031;Património dos particulares - Património não financeiro - Habitação;Valor;Milhões de euros;31/12/1988;93199;
12561031;Património dos particulares - Património não financeiro - Habitação;Valor;Milhões de euros;31/12/1989;108549;
12561031;Património dos particulares - Património não financeiro - Habitação;Valor;Milhões de euros;31/12/1990;126008;
12561031;Património dos particulares - Património não financeiro - Habitação;Valor;Milhões de euros;31/12/1991;142497;
12561031;Património dos particulares - Património não financeiro - Habitação;Valor;Milhões de euros;31/12/1992;156846;
12561031;Património dos particulares - Património não financeiro - Habitação;Valor;Milhões de euros;31/12/1993;166083;
12561031;Património dos particulares - Património não financeiro - Habitação;Valor;Milhões de euros;31/12/1994;177995;
12561031;Património dos particulares - Património não financeiro - Habitação;Valor;Milhões de euros;31/12/1995;189463;
12561031;Património dos particulares - Património não financeiro - Habitação;Valor;Milhões de euros;31/12/1996;197607;
12561031;Património dos particulares - Património não financeiro - Habitação;Valor;Milhões de euros;31/12/1997;209235;
12561031;Património dos particulares - Património não financeiro - Habitação;Valor;Milhões de euros;31/12/1998;219595;
12561031;Património dos particulares - Património não financeiro - Habitação;Valor;Milhões de euros;31/12/1999;233318;
12561031;Património dos particulares - Património não financeiro - Habitação;Valor;Milhões de euros;31/12/2000;251038;
12561031;Património dos particulares - Património não financeiro - Habitação;Valor;Milhões de euros;31/12/2001;265122;
12561031;Património dos particulares - Património não financeiro - Habitação;Valor;Milhões de euros;31/12/2002;280082;
12561031;Património dos particulares - Património não financeiro - Habitação;Valor;Milhões de euros;31/12/2003;291866;
12561031;Património dos particulares - Património não financeiro - Habitação;Valor;Milhões de euros;31/12/2004;306156;
12561031;Património dos particulares - Património não financeiro - Habitação;Valor;Milhões de euros;31/12/2005;320937;
12561031;Património dos particulares - Património não financeiro - Habitação;Valor;Milhões de euros;31/12/2006;338216;
12561031;Património dos particulares - Património não financeiro - Habitação;Valor;Milhões de euros;31/12/2007;349491;
12561031;Património dos particulares - Património não financeiro - Habitação;Valor;Milhões de euros;31/12/2008;367058;
12561031;Património dos particulares - Património não financeiro - Habitação;Valor;Milhões de euros;31/12/2009;362790;
12561031;Património dos particulares - Património não financeiro - Habitação;Valor;Milhões de euros;31/12/2010;366653;
12561031;Património dos particulares - Património não financeiro - Habitação;Valor;Milhões de euros;31/12/2011;341569;
12561031;Património dos particulares - Património não financeiro - Habitação;Valor;Milhões de euros;31/12/2012;314688;
12561031;Património dos particulares - Património não financeiro - Habitação;Valor;Milhões de euros;31/12/2013;303177;
12561031;Património dos particulares - Património não financeiro - Habitação;Valor;Milhões de euros;31/12/2014;308463;
12561031;Património dos particulares - Património não financeiro - Habitação;Valor;Milhões de euros;31/12/2015;312885;
12561031;Património dos particulares - Património não financeiro - Habitação;Valor;Milhões de euros;31/12/2016;326856;
12561031;Património dos particulares - Património não financeiro - Habitação;Valor;Milhões de euros;31/12/2017;347963;
12561031;Património dos particulares - Património não financeiro - Habitação;Valor;Milhões de euros;31/12/2018;374368;
12561031;Património dos particulares - Património não financeiro - Habitação;Valor;Milhões de euros;31/12/2019;400117;
12561031;Património dos particulares - Património não financeiro - Habitação;Valor;Milhões de euros;31/12/2020;424828;
12561031;Património dos particulares - Património não financeiro - Habitação;Valor;Milhões de euros;31/12/2021;453976;
12561031;Património dos particulares - Património não financeiro - Habitação;Valor;Milhões de euros;31/12/2022;498072;
12561032;Património dos particulares - Património total;Valor;Milhões de euros;31/12/1980;27739;
12561032;Património dos particulares - Património total;Valor;Milhões de euros;31/12/1981;35697;
12561032;Património dos particulares - Património total;Valor;Milhões de euros;31/12/1982;43872;
12561032;Património dos particulares - Património total;Valor;Milhões de euros;31/12/1983;56229;
12561032;Património dos particulares - Património total;Valor;Milhões de euros;31/12/1984;70738;
12561032;Património dos particulares - Património total;Valor;Milhões de euros;31/12/1985;87552;
12561032;Património dos particulares - Património total;Valor;Milhões de euros;31/12/1986;100318;
12561032;Património dos particulares - Património total;Valor;Milhões de euros;31/12/1987;113903;
12561032;Património dos particulares - Património total;Valor;Milhões de euros;31/12/1988;134884;
12561032;Património dos particulares - Património total;Valor;Milhões de euros;31/12/1989;156795;
12561032;Património dos particulares - Património total;Valor;Milhões de euros;31/12/1990;183666;
12561032;Património dos particulares - Património total;Valor;Milhões de euros;31/12/1991;214459;
12561032;Património dos particulares - Património total;Valor;Milhões de euros;31/12/1992;243255;
12561032;Património dos particulares - Património total;Valor;Milhões de euros;31/12/1993;268476;
12561032;Património dos particulares - Património total;Valor;Milhões de euros;31/12/1994;293569;
12561032;Património dos particulares - Património total;Valor;Milhões de euros;31/12/1995;322272;
12561032;Património dos particulares - Património total;Valor;Milhões de euros;31/12/1996;338714;
12561032;Património dos particulares - Património total;Valor;Milhões de euros;31/12/1997;364315;
12561032;Património dos particulares - Património total;Valor;Milhões de euros;31/12/1998;398893;
12561032;Património dos particulares - Património total;Valor;Milhões de euros;31/12/1999;438446;
12561032;Património dos particulares - Património total;Valor;Milhões de euros;31/12/2000;477444;
12561032;Património dos particulares - Património total;Valor;Milhões de euros;31/12/2001;508589;
12561032;Património dos particulares - Património total;Valor;Milhões de euros;31/12/2002;531114;
12561032;Património dos particulares - Património total;Valor;Milhões de euros;31/12/2003;557318;
12561032;Património dos particulares - Património total;Valor;Milhões de euros;31/12/2004;594255;
12561032;Património dos particulares - Património total;Valor;Milhões de euros;31/12/2005;627684;
12561032;Património dos particulares - Património total;Valor;Milhões de euros;31/12/2006;668228;
12561032;Património dos particulares - Património total;Valor;Milhões de euros;31/12/2007;697160;
12561032;Património dos particulares - Património total;Valor;Milhões de euros;31/12/2008;713589;
12561032;Património dos particulares - Património total;Valor;Milhões de euros;31/12/2009;723992;
12561032;Património dos particulares - Património total;Valor;Milhões de euros;31/12/2010;735052;
12561032;Património dos particulares - Património total;Valor;Milhões de euros;31/12/2011;710652;
12561032;Património dos particulares - Património total;Valor;Milhões de euros;31/12/2012;680741;
12561032;Património dos particulares - Património total;Valor;Milhões de euros;31/12/2013;673515;
12561032;Património dos particulares - Património total;Valor;Milhões de euros;31/12/2014;685684;
12561032;Património dos particulares - Património total;Valor;Milhões de euros;31/12/2015;700476;
12561032;Património dos particulares - Património total;Valor;Milhões de euros;31/12/2016;718806;
12561032;Património dos particulares - Património total;Valor;Milhões de euros;31/12/2017;756822;
12561032;Património dos particulares - Património total;Valor;Milhões de euros;31/12/2018;794302;
12561032;Património dos particulares - Património total;Valor;Milhões de euros;31/12/2019;832344;
12561032;Património dos particulares - Património total;Valor;Milhões de euros;31/12/2020;873570;
12561032;Património dos particulares - Património total;Valor;Milhões de euros;31/12/2021;926802;
12561032;Património dos particulares - Património total;Valor;Milhões de euros;31/12/2022;978976;
12561033;Património dos particulares - Património total líquido;Valor;Milhões de euros;31/12/1980;26520;
12561033;Património dos particulares - Património total líquido;Valor;Milhões de euros;31/12/1981;33844;
12561033;Património dos particulares - Património total líquido;Valor;Milhões de euros;31/12/1982;41329;
12561033;Património dos particulares - Património total líquido;Valor;Milhões de euros;31/12/1983;53137;
12561033;Património dos particulares - Património total líquido;Valor;Milhões de euros;31/12/1984;66802;
12561033;Património dos particulares - Património total líquido;Valor;Milhões de euros;31/12/1985;82570;
12561033;Património dos particulares - Património total líquido;Valor;Milhões de euros;31/12/1986;93980;
12561033;Património dos particulares - Património total líquido;Valor;Milhões de euros;31/12/1987;105812;
12561033;Património dos particulares - Património total líquido;Valor;Milhões de euros;31/12/1988;125140;
12561033;Património dos particulares - Património total líquido;Valor;Milhões de euros;31/12/1989;145529;
12561033;Património dos particulares - Património total líquido;Valor;Milhões de euros;31/12/1990;170686;
12561033;Património dos particulares - Património total líquido;Valor;Milhões de euros;31/12/1991;198386;
12561033;Património dos particulares - Património total líquido;Valor;Milhões de euros;31/12/1992;224092;
12561033;Património dos particulares - Património total líquido;Valor;Milhões de euros;31/12/1993;243388;
12561033;Património dos particulares - Património total líquido;Valor;Milhões de euros;31/12/1994;262431;
12561033;Património dos particulares - Património total líquido;Valor;Milhões de euros;31/12/1995;285724;
12561033;Património dos particulares - Património total líquido;Valor;Milhões de euros;31/12/1996;295756;
12561033;Património dos particulares - Património total líquido;Valor;Milhões de euros;31/12/1997;313978;
12561033;Património dos particulares - Património total líquido;Valor;Milhões de euros;31/12/1998;337633;
12561033;Património dos particulares - Património total líquido;Valor;Milhões de euros;31/12/1999;360734;
12561033;Património dos particulares - Património total líquido;Valor;Milhões de euros;31/12/2000;386261;
12561033;Património dos particulares - Património total líquido;Valor;Milhões de euros;31/12/2001;405714;
12561033;Património dos particulares - Património total líquido;Valor;Milhões de euros;31/12/2002;419001;
12561033;Património dos particulares - Património total líquido;Valor;Milhões de euros;31/12/2003;436636;
12561033;Património dos particulares - Património total líquido;Valor;Milhões de euros;31/12/2004;462763;
12561033;Património dos particulares - Património total líquido;Valor;Milhões de euros;31/12/2005;484077;
12561033;Património dos particulares - Património total líquido;Valor;Milhões de euros;31/12/2006;511474;
12561033;Património dos particulares - Património total líquido;Valor;Milhões de euros;31/12/2007;528119;
12561033;Património dos particulares - Património total líquido;Valor;Milhões de euros;31/12/2008;539001;
12561033;Património dos particulares - Património total líquido;Valor;Milhões de euros;31/12/2009;547576;
12561033;Património dos particulares - Património total líquido;Valor;Milhões de euros;31/12/2010;557295;
12561033;Património dos particulares - Património total líquido;Valor;Milhões de euros;31/12/2011;527921;
12561033;Património dos particulares - Património total líquido;Valor;Milhões de euros;31/12/2012;504542;
12561033;Património dos particulares - Património total líquido;Valor;Milhões de euros;31/12/2013;504707;
12561033;Património dos particulares - Património total líquido;Valor;Milhões de euros;31/12/2014;521050;
12561033;Património dos particulares - Património total líquido;Valor;Milhões de euros;31/12/2015;537705;
12561033;Património dos particulares - Património total líquido;Valor;Milhões de euros;31/12/2016;558531;
12561033;Património dos particulares - Património total líquido;Valor;Milhões de euros;31/12/2017;595553;
12561033;Património dos particulares - Património total líquido;Valor;Milhões de euros;31/12/2018;632662;
12561033;Património dos particulares - Património total líquido;Valor;Milhões de euros;31/12/2019;669758;
12561033;Património dos particulares - Património total líquido;Valor;Milhões de euros;31/12/2020;706731;
12561033;Património dos particulares - Património total líquido;Valor;Milhões de euros;31/12/2021;755815;
12561033;Património dos particulares - Património total líquido;Valor;Milhões de euros;31/12/2022;800908;
